<?xml version="1.0" encoding="UTF-8"?>
<enderio:recipes xmlns:enderio="http://enderio.com/recipes" xmlns:xsi="http://www.w3.org/2001/XMLSchema-instance" xsi:schemaLocation="http://enderio.com/recipes recipes.xsd ">

  <!-- recipes Ender IO needs -->

  <recipe name="Simple SAG Mill" required="true">
    <crafting>
      <grid size="3x3">
        <item name="itemFlint" /><item name="itemFlint" /><item name="itemFlint" />
        <item name="ingotIron" /><item name="SIMPLE_CHASSIS"/><item name="ingotIron" />
        <item name="GEAR_STONE" /><item name="minecraft:piston" /><item name="GEAR_STONE" />
      </grid>
      <output name="enderio:block_simple_sag_mill" />
    </crafting>
  </recipe>

  <recipe name="SAG Mill" required="true">
    <crafting>
      <grid size="3x3">
        <item name="itemFlint" /><item name="itemFlint" /><item name="itemFlint" />
        <item name="ingotIron" /><item name="CHASSIS" /><item name="ingotIron" />
        <item name="GEAR_ENERGIZED" /><item name="minecraft:piston" /><item name="GEAR_ENERGIZED" />
      </grid>
      <output name="enderio:block_sag_mill" />
    </crafting>
  </recipe>

  <recipe name="SAG Mill, Upgrade" required="true">
    <crafting upgrade="true">
      <grid size="3x3">
        <item /><item name="enderio:block_simple_sag_mill" /><item />
        <item /><item name="CHASSIS" /><item />
        <item name="GEAR_ENERGIZED" /><item /><item name="GEAR_ENERGIZED" />
      </grid>
      <output name="enderio:block_sag_mill" />
    </crafting>
  </recipe>

  <recipe name="Sagmill: Silicon" required="true">
    <sagmilling energy="720">
      <input name="oredict:sand"/>
      <output name="itemSilicon" chance="0.5" />
    </sagmilling>
  </recipe>

  <recipe name="Sagmill: Coal" required="true">
    <sagmilling energy="2400">
      <input name="minecraft:coal:0"/>
      <output name="dustCoal" />
      <output name="dustCoal" chance="0.1" />
      <output name="dustSulfur" chance="0.1" required="false" />
    </sagmilling>
  </recipe>

  <recipe name="Sagmill: Ender Pearl" required="true">
    <sagmilling energy="1600" bonus="none">
      <input name="oredict:enderpearl"/>
      <output name="nuggetEnderpearl" amount="9"  />
    </sagmilling>
  </recipe>

  <recipe name="Sagmill: Ender Dust" required="false">
    <sagmilling energy="800" bonus="none">
      <input name="dustEnderPearl"/>
      <output name="nuggetEnderpearl" amount="9"  />
    </sagmilling>
  </recipe>

  <recipe name="Ender Dust" required="false">
    <crafting>
      <grid>
        <item name="nuggetEnderpearl"/><item name="nuggetEnderpearl"/><item name="nuggetEnderpearl"/>
        <item name="nuggetEnderpearl"/><item name="nuggetEnderpearl"/><item name="nuggetEnderpearl"/>
        <item name="nuggetEnderpearl"/><item name="nuggetEnderpearl"/><item name="nuggetEnderpearl"/>
      </grid>
      <output name="dustEnderPearl" /><!-- AE2 -->
    </crafting>
  </recipe>

  <recipe name="Sagmill: Pulsating Powder" required="true">
    <sagmilling energy="1600" bonus="none">
      <input name="itemPulsatingCrystal"/>
      <output name="itemPulsatingPowder" />
    </sagmilling>
  </recipe>

  <recipe name="Sagmill: EnderCrystal Powder" required="true">
    <sagmilling energy="1600" bonus="none">
      <input name="itemEnderCrystal"/>
      <output name="itemEnderCrystalPowder" />
    </sagmilling>
  </recipe>

  <recipe name="Sagmill: Precient Powder" required="true">
    <sagmilling energy="1600" bonus="none">
      <input name="itemPrecientCrystal"/>
      <output name="itemPrecientPowder" />
    </sagmilling>
  </recipe>

  <recipe name="Sagmill: Obsidian" required="true">
    <sagmilling energy="4000">
      <input name="minecraft:obsidian"/>
      <output name="dustObsidian" amount="4" />
    </sagmilling>
  </recipe>

  <recipe name="Quartz Dust">
    <sagmilling bonus="chance_only" energy="2400">
      <input name="gemQuartz"/>
      <output name="POWDER_QUARTZ"/>
      <output name="POWDER_QUARTZ" chance=".1"/>
    </sagmilling>
  </recipe>

  <recipe name="Lapis Dust">
    <sagmilling bonus="none" energy="2400">
      <input name="gemLapis"/>
      <output name="dustLapis"/>
    </sagmilling>
  </recipe>

  <recipe name="Lapis Block Dust">
    <sagmilling bonus="none" energy="3600">
      <input name="blockLapis"/>
      <output name="dustLapis" amount="9"/>
    </sagmilling>
  </recipe>

  <recipe name="Sagmill: Infinity Powder" required="true">
      <!-- Note: This recipe is not usually available; Ender IO does not add a way to get bedrock.
                 But if another mod does so, this will allow players to "shave off" infinity
                 powder from bedrock. As with the in-world crafting, the bedrock will not be
                 consumed. -->
    <sagmilling energy="9999999" bonus="none">
      <input name="minecraft:bedrock"/>
      <output name="minecraft:bedrock" />
      <output name="dustBedrock" />
    </sagmilling>
  </recipe>

  <recipe name="Sagmill: Infinity Dust" required="true">
    <sagmilling energy="30000" bonus="chance_only">
      <input name="dustBedrock"/>
      <output name="enderio:block_infinity_fog"/>
    </sagmilling>
  </recipe>


</enderio:recipes>